family,res_num,amino_acid,secondary_structure,relative_ASA,secondary_structure_name,pdb_original_res_num,color_ss,bin_ss,exon,exon_bs,exon_freq,fwin_average,fwin_std
ACBP,1,S,-,1.0,,1,black,False,-1,False,,,
ACBP,2,Q,-,0.5353535353535354,,2,black,False,0,True,0.0125347448363499,,
ACBP,3,A,-,0.4811320754716981,,3,black,False,0,False,0.0164389949337196,,
ACBP,4,E,S,0.4793814432989691,Bend,4,olive,False,0,False,0.006695539750942,0.1320663686950889,0.999374769843705
ACBP,5,F,H,0.0,Alpha helix (4-12),5,cyan,True,0,False,0.0022049022522861,0.1265047262701766,1.0027293072218808
ACBP,6,D,H,0.3190184049079754,Alpha helix (4-12),6,cyan,True,0,False,0.0045435591792608,0.1533320696607124,1.0071901272458632
ACBP,7,K,H,0.5414634146341464,Alpha helix (4-12),7,cyan,True,0,False,0.0044180497811114,-0.8375275064077352,1.0503372757111966
ACBP,8,A,H,0.0754716981132075,Alpha helix (4-12),8,cyan,True,0,False,0.0038778653060182,-0.8786161573673646,1.002604746934964
ACBP,9,A,H,0.0660377358490566,Alpha helix (4-12),9,cyan,True,0,False,0.0023800388809251,-1.1898912349869926,0.8971925643434397
ACBP,10,E,H,0.5721649484536082,Alpha helix (4-12),10,cyan,True,0,False,0.0040696536067671,-1.2728002195616104,0.8897859840714444
ACBP,11,E,H,0.2216494845360824,Alpha helix (4-12),11,cyan,True,0,False,0.0056961042496598,-1.2471185406776089,0.844104480568648
ACBP,12,V,H,0.0774647887323943,Alpha helix (4-12),12,cyan,True,0,False,0.0023039076883323,-0.0826323937125677,0.7934781477746993
ACBP,13,K,T,0.5902439024390244,Turn,13,grey,False,0,False,0.0235732972863758,-0.1574251465524821,0.5871704446282489
ACBP,14,H,T,0.5108695652173914,Turn,14,grey,False,1,True,0.0428876442039499,-0.3709126867095424,0.6862337597582095
ACBP,15,L,-,0.0060975609756097,,15,black,False,1,False,0.0052863844702983,-0.1858043143790016,0.6765476160998942
ACBP,16,K,S,0.6780487804878049,Bend,16,olive,False,1,False,0.0081782954874989,-0.277677165846376,0.8713805097559358
ACBP,17,T,S,0.5070422535211268,Bend,17,olive,False,1,False,0.0053713263757757,-0.1267378148756644,0.8359354650256036
ACBP,18,K,-,0.6634146341463415,,18,black,False,1,False,0.006081225468159,-0.3006504091535853,0.7981136690627181
ACBP,19,P,-,0.0588235294117647,,19,black,False,1,False,0.0054401414788787,0.0569743115491305,0.958756107795128
ACBP,20,A,-,0.490566037735849,,20,black,False,1,False,0.006595489131185,-0.0291745395946639,0.3990199354915661
ACBP,21,D,H,0.2024539877300613,Alpha helix (4-12),21,cyan,True,1,False,0.0086542536871863,-0.0560330355520707,0.4297325722073893
ACBP,22,E,H,0.845360824742268,Alpha helix (4-12),22,cyan,True,1,False,0.0071351200601002,-0.0445951887852961,0.4116082266072958
ACBP,23,E,H,0.1752577319587628,Alpha helix (4-12),23,cyan,True,1,False,0.0108840761280224,-0.6044970860488095,0.4692785224318833
ACBP,24,M,H,0.3457446808510638,Alpha helix (4-12),24,cyan,True,1,False,0.0085107363322564,-0.1310864333593928,0.5690770105422236
ACBP,25,L,H,0.0975609756097561,Alpha helix (4-12),25,cyan,True,1,False,0.0090504442616248,-1.947822716167606,0.6614730736326678
ACBP,26,F,H,0.2588832487309644,Alpha helix (4-12),26,cyan,True,1,False,0.0557806539663787,-2.5549495057607854,0.6387004983442985
ACBP,27,I,H,0.0946745562130177,Alpha helix (4-12),27,cyan,True,1,False,0.0032751318260497,-2.418049567826743,0.6317664134321814
ACBP,28,Y,H,0.2702702702702703,Alpha helix (4-12),28,cyan,True,1,False,0.0261964108564448,-2.4906289604032312,0.661992227508201
ACBP,29,S,H,0.0153846153846153,Alpha helix (4-12),29,cyan,True,1,False,0.0094612675625701,-3.364761314139548,0.7995805357068441
ACBP,30,H,H,0.1847826086956521,Alpha helix (4-12),30,cyan,True,1,False,0.0087541566688881,-1.8439634427774867,0.7787191332170593
ACBP,31,Y,H,0.2882882882882883,Alpha helix (4-12),31,cyan,True,1,False,0.0046468218878803,-1.1741077051337512,0.7947252365349317
ACBP,32,K,H,0.2829268292682926,Alpha helix (4-12),32,cyan,True,1,False,0.0030545775420689,-0.9551817202401688,0.7512178817827253
ACBP,33,Q,H,0.0101010101010101,Alpha helix (4-12),33,cyan,True,2,True,0.0646353575466374,-0.6871879654999541,0.6566769263515951
ACBP,34,A,H,0.0849056603773584,Alpha helix (4-12),34,cyan,True,2,False,0.0054789400879568,-0.0379924231693659,0.7037310654272835
ACBP,35,T,H,0.3450704225352112,Alpha helix (4-12),35,cyan,True,2,False,0.0168528677168631,-0.4559029740768315,0.644222837718882
ACBP,36,V,T,0.4929577464788732,Turn,36,grey,False,2,False,0.0075871460207576,-0.5263445711362996,0.6072327998453009
ACBP,37,G,-,0.0476190476190476,,37,black,False,2,False,0.0066168470728166,-0.7029059425470213,0.7465035428387172
ACBP,38,D,S,0.4171779141104294,Bend,38,olive,False,2,False,0.0061938282414399,-0.4392903177093076,0.7077939578489972
ACBP,39,I,-,0.0414201183431952,,39,black,False,2,False,0.0151044206793263,-0.4640402377574124,0.644697220374387
ACBP,40,N,-,0.643312101910828,,40,black,False,2,False,0.0136597239992731,-0.4171639486903017,0.6323123286134775
ACBP,41,T,S,0.5,Bend,41,olive,False,2,False,0.0448974534943473,-0.440576509823646,0.6707944546961555
ACBP,42,E,-,0.7989690721649485,,42,black,False,2,False,0.0199247386581448,0.3690503692327302,0.5017074025908932
ACBP,43,R,-,0.532258064516129,,43,black,False,2,False,0.0116699046226063,0.5049741183864198,0.4691189295751693
ACBP,44,P,-,0.3529411764705882,,44,black,False,2,False,0.0136620708790148,0.5670321184803381,0.4739823418468626
ACBP,45,G,-,0.75,,45,black,False,2,False,0.0116154383227493,0.6553323217025312,0.4838327604965031
ACBP,46,M,S,0.8776595744680851,Bend,46,olive,False,2,False,0.0088788048012971,0.642719436276838,0.4988825964713529
ACBP,47,L,S,0.823170731707317,Bend,47,olive,False,2,False,0.0127857954745513,0.1443285994921443,0.4896569447078675
ACBP,48,D,G,0.2269938650306748,3-10 helix,48,navy,False,2,False,0.0072666705732296,0.4397546767047731,0.8342813146507498
ACBP,49,F,G,0.6802030456852792,3-10 helix,49,navy,False,2,False,0.0106715616452114,0.0842747121568325,0.6345521258331006
ACBP,50,K,G,0.6829268292682927,3-10 helix,50,navy,False,2,False,0.0392794100479992,0.0146821882235084,0.640678058152818
ACBP,51,G,T,0.2857142857142857,Turn,51,grey,False,2,False,0.0086653033083364,0.0600036954758243,0.6661574136886764
ACBP,52,K,H,0.3512195121951219,Alpha helix (4-12),52,cyan,True,2,False,0.0071118026742829,0.3467973439172263,0.5281385813347811
ACBP,53,A,H,0.320754716981132,Alpha helix (4-12),53,cyan,True,2,False,0.0034696782566192,-0.5184788067382928,0.5710141668371415
ACBP,54,K,H,0.224390243902439,Alpha helix (4-12),54,cyan,True,3,True,0.1283704488254058,-0.1303571695056315,0.5835550381928146
ACBP,55,W,H,0.1629955947136563,Alpha helix (4-12),55,cyan,True,3,False,0.0080188013960755,-0.1501343600970782,0.5795321660465405
ACBP,56,D,H,0.3067484662576687,Alpha helix (4-12),56,cyan,True,3,False,0.0163427043686022,-0.6301982901680773,0.5946950993685571
ACBP,57,A,H,0.1415094339622641,Alpha helix (4-12),57,cyan,True,3,False,0.0056853711747885,-0.738762863515852,0.8090578525141922
ACBP,58,W,H,0.0,Alpha helix (4-12),58,cyan,True,3,False,0.0039821970812504,-0.2178716417730322,0.8552106788196203
ACBP,59,N,H,0.3184713375796178,Alpha helix (4-12),59,cyan,True,3,False,0.0059449230440592,-0.9549716837572744,0.9834134356751244
ACBP,60,E,T,0.8505154639175257,Turn,60,grey,False,3,False,0.0096074531486696,-0.7113606041409068,0.979848438393549
ACBP,61,L,T,0.1524390243902439,Turn,61,grey,False,3,False,0.0106228359090366,-0.3257949544349937,0.8579903858994998
ACBP,62,K,T,0.4829268292682926,Turn,62,grey,False,3,False,0.0454011842363514,-0.7168804154958539,0.8907906267198449
ACBP,63,G,T,0.6190476190476191,Turn,63,grey,False,3,False,0.0065705789111772,-0.7866306711510863,0.8769015443037488
ACBP,64,T,-,0.3661971830985915,,64,black,False,3,False,0.0059958271094074,-0.4486761060686367,0.7881874639824695
ACBP,65,S,-,0.5461538461538461,,65,black,False,3,False,0.0063632207737349,-0.7244724580732413,0.6643331252629201
ACBP,66,K,H,0.4634146341463415,Alpha helix (4-12),66,cyan,True,3,False,0.0216407035446047,-0.6296907225047064,0.6849826391744342
ACBP,67,E,H,0.5670103092783505,Alpha helix (4-12),67,cyan,True,3,False,0.0052999862786913,-0.1703067198396468,0.620314732991215
ACBP,68,D,H,0.4294478527607362,Alpha helix (4-12),68,cyan,True,3,False,0.0073135312593565,-0.314482722388352,0.7397174527842605
ACBP,69,A,H,0.0,Alpha helix (4-12),69,cyan,True,3,False,0.0092511988412822,-0.1909872453012197,0.7447640022257431
ACBP,70,M,H,0.1489361702127659,Alpha helix (4-12),70,cyan,True,3,False,0.0051955782282916,-0.1214131894138977,0.8307665551207039
ACBP,71,K,H,0.4390243902439024,Alpha helix (4-12),71,cyan,True,3,False,0.0091557090839746,-0.8069445969740016,0.7410238887043245
ACBP,72,A,H,0.2735849056603773,Alpha helix (4-12),72,cyan,True,3,False,0.0064079722026173,-1.8156397943272853,0.7503580072556078
ACBP,73,Y,H,0.0315315315315315,Alpha helix (4-12),73,cyan,True,3,False,0.0041039139126073,-1.48068529372169,0.8012575843366868
ACBP,74,I,H,0.1065088757396449,Alpha helix (4-12),74,cyan,True,3,False,0.0042328029661815,-1.5805401881694483,0.7631723178430486
ACBP,75,D,H,0.6871165644171779,Alpha helix (4-12),75,cyan,True,3,False,0.0041014730571892,-2.386255974083542,0.7156294541269806
ACBP,76,K,H,0.4097560975609756,Alpha helix (4-12),76,cyan,True,3,False,0.0040896089439296,,
ACBP,77,V,H,0.0492957746478873,Alpha helix (4-12),77,cyan,True,3,False,0.006293396432287,,
ACBP,78,E,H,0.5670103092783505,Alpha helix (4-12),78,cyan,True,-1,True,,,
ACBP,79,E,H,0.4123711340206185,Alpha helix (4-12),79,cyan,True,-1,False,,,
ACBP,80,L,H,0.024390243902439,Alpha helix (4-12),80,cyan,True,-1,False,,,
ACBP,81,K,H,0.4097560975609756,Alpha helix (4-12),81,cyan,True,-1,False,,,
ACBP,82,K,H,0.7707317073170732,Alpha helix (4-12),82,cyan,True,-1,False,,,
ACBP,83,K,H,0.4146341463414634,Alpha helix (4-12),83,cyan,True,-1,False,,,
ACBP,84,Y,T,0.1936936936936936,Turn,84,grey,False,-1,False,,,
ACBP,85,G,-,0.1071428571428571,,85,black,False,-1,False,,,
ACBP,86,I,-,0.7337278106508875,,86,black,False,-1,False,,,
